"Surname","GivenName","Department","City","Company"
"Abbott","Vicky","Development","London","Contoso"
"Ajdari","Martin","Development","London","Contoso"
"Alksne","Ida","IT","London","Contoso"
"Allison","Nita","Managers","London","Contoso"
"Atkins","Laura","Managers","London","Contoso"
"Atkins","Courtney","Marketing","London","Contoso"
"Auzina","Anete","Development","London","Contoso"
"Auzins","Agris","Sales","London","Contoso"
"Bach","Hien","Development","London","Contoso"
"Baldridge","Preston","Managers","London","Contoso"
"Balode","Dita","Sales","London","Contoso"
"Bartels","Burton","Managers","Seattle","Contoso"
"Barth","Stern","Development","London","Contoso"
"Bartlett","Neva","Managers","London","Contoso"
"Bass","Mabel","Sales","London","Contoso"
"Baxter","Ethan","Sales","London","Contoso"
"Bean","Serena","Development","Seattle","Contoso"
"Benton","Kathie","Sales","Seattle","Contoso"
"Beukema","Ilene","Marketing","London","Contoso"
"Bevins","Julio","Sales","Seattle","Contoso"
"Bobanec","Zoja","Development","London","Contoso"
"Bolton","Bernice","Development","London","Contoso"
"Booth","Naomi","Marketing","London","Contoso"
"Booth","Shannon","Research","London","Contoso"
"Boyle","Thomas","Development","London","Contoso"
"Boyle","Logan","IT","London","Contoso"
"Bracken","Colin","Marketing","London","Contoso"
"Briede","Elizabete","Marketing","London","Contoso"
"Brooks","Morgan","Development","London","Contoso"
"Brooks","Patty","Marketing","London","Contoso"
"Bryan","Victoria","IT","London","Contoso"
"Bull","Erin","Sales","London","Contoso"
"Burch","Sarah","Sales","Seattle","Contoso"
"Burke","Beth","IT","London","Contoso"
"Butcher","Samuel","Marketing","London","Contoso"
"Butcher","Leo","Marketing","London","Contoso"
"Butcher","Finlay","Research","London","Contoso"
"Campbell","Brandan","Managers","London","Contoso"
"Cantrell","Ana","Marketing","London","Contoso"
"Carr","Felecia","Sales","Seattle","Contoso"
"Chambliss","Grover","Research","London","Contoso"
"Chesser","Nathan","Development","London","Contoso"
"Chinn","Johnathon","Marketing","London","Contoso"
"Chiu","Willie","Development","London","Contoso"
"Chu","Cai","Research","London","Contoso"
"Chu","Hai","Sales","London","Contoso"
"Church","Carmella","Sales","London","Contoso"
"Clemente","Federico","IT","London","Contoso"
"Cline","Olivia","Marketing","London","Contoso"
"Cohen","Jodie","Development","London","Contoso"
"Conner","Annie","Marketing","London","Contoso"
"Conte","Solomon","Development","Seattle","Contoso"
"Cook","Juanita","Development","London","Contoso"
"Cottle","Rick","Development","Seattle","Contoso"
"Cotton","Nadia","Marketing","London","Contoso"
"Dabney","Dante","IT","London","Contoso"
"Dang","Hwa","Development","London","Contoso"
"Dao","An Dung","Managers","London","Contoso"
"Dao","Sang","Development","London","Contoso"
"Davey","Lucy","Sales","London","Contoso"
"David","Doris","Development","London","Contoso"
"de Boer","Malinda","Sales","London","Contoso"
"de Graaf","Merdan","Managers","London","Contoso"
"De Reus","Rose","Research","London","Contoso"
"Deane","Boyd","Development","London","Contoso"
"Deboer","Stefan","IT","Seattle","Contoso"
"Decker","Marian","Sales","Seattle","Contoso"
"Decker","Teri","Managers","London","Contoso"
"Dennis","Lakisha","Sales","London","Contoso"
"Dulaney","Cleveland","Managers","London","Contoso"
"Dumina","Laila","Sales","London","Contoso"
"Eglite","Alida","Marketing","London","Contoso"
"Ellenbroek","Frank","Sales","London","Contoso"
"Farley","Eula","Development","Seattle","Contoso"
"Farley","Paige","Development","Seattle","Contoso"
"Ferrell","Dixie","Sales","Seattle","Contoso"
"Fiore","Nestor","IT","London","Contoso"
"Flanigan","Rickey","Development","London","Contoso"
"Floyd","Imogene","Development","London","Contoso"
"Floyd","Meredith","Sales","London","Contoso"
"Frank","Deana","Sales","London","Contoso"
"Franklin","Margret","Development","Seattle","Contoso"
"Fredericks","Sergio","Marketing","Seattle","Contoso"
"Friday","Jon","Development","London","Contoso"
"Gallegos","Karyn","Development","Seattle","Contoso"
"Gardner","Angelica","Sales","London","Contoso"
"Garner","Amelie","Sales","London","Contoso"
"Gibbs","Fay","Sales","London","Contoso"
"Gilliam","Magdalena","Sales","London","Contoso"
"Goddard","Taylor","Research","London","Contoso"
"Golihleb","Lana","Development","London","Contoso"
"Guthrie","Tonia","IT","London","Contoso"
"Haddad","Tommie","Marketing","London","Contoso"
"Hadden","Damian","Managers","Seattle","Contoso"
"Hancock","Suzanne","Research","Seattle","Contoso"
"Hayes","Olive","Managers","Seattle","Contoso"
"Hayward","Libby","Research","London","Contoso"
"Hayward","Ellie","Development","London","Contoso"
"Hoang","Huu","Marketing","London","Contoso"
"Hobbs","Adam","Managers","London","Contoso"
"Hodges","Tara","Sales","London","Contoso"
"Hojski","Maj","IT","London","Contoso"
"Holland","Maureen","Sales","London","Contoso"
"Holland","Melinda","Research","Seattle","Contoso"
"Holloway","Ellen","Sales","London","Contoso"
"Holloway","Demi","Development","London","Contoso"
"Homer","Jasper","Development","Seattle","Contoso"
"Hughes","Elise","Marketing","London","Contoso"
"Hunt","Zachary","Marketing","London","Contoso"
"Jaunzema","Beatrise","IT","London","Contoso"
"Jaunzema","Liene","IT","London","Contoso"
"Kaneps","Grigorijs","Sales","London","Contoso"
"Kavo","Benjamin","Marketing","London","Contoso"
"Kennedy","Becky","Marketing","London","Contoso"
"Kirby","Jack","Development","London","Contoso"
"Kirk","Millie","IT","London","Contoso"
"Kleefstra","Arnaud","IT","London","Contoso"
"Krastina","Brigita","Sales","London","Contoso"
"Krievina","Ilga","Research","London","Contoso"
"Kustrin","Zan","Marketing","London","Contoso"
"Laamers","Peter","Managers","London","Contoso"
"Lamb","Owen","Development","London","Contoso"
"Lang","Meghan","Managers","London","Contoso"
"Lawrence","Harry","Managers","London","Contoso"
"Lees","Bruno","Development","London","Contoso"
"Lichtenberg","Colette","Development","London","Contoso"
"Lloyd","Terry","Development","London","Contoso"
"Logan","Shawna","Marketing","London","Contoso"
"Luciano","Lonnie","IT","Seattle","Contoso"
"Lukstina","Jautra","Development","London","Contoso"
"Lundgren","Sammy","Development","London","Contoso"
"Lynch","Anthony","Marketing","London","Contoso"
"Macias","Rachael","Marketing","Seattle","Contoso"
"Marsden","William","Managers","London","Contoso"
"Marsh","Kiera","Sales","London","Contoso"
"Marshall","Rosalyn","Development","London","Contoso"
"Martinez","Dora","Sales","London","Contoso"
"May","Isaac","Marketing","London","Contoso"
"McCarty","Kimberly","Research","Seattle","Contoso"
"McCormick","Jeffry","Research","London","Contoso"
"McCoy","Jared","Managers","Seattle","Contoso"
"McCray","Samantha","Sales","London","Contoso"
"McDaniel","Spencer","Marketing","London","Contoso"
"McLaughlin","Twila","Research","London","Contoso"
"McPherson","Jenny","Sales","London","Contoso"
"Miller","Charlie","Development","London","Contoso"
"Montgomery","Mai","Sales","London","Contoso"
"Moore","Augusta","IT","Seattle","Contoso"
"Morrow","Camille","Research","London","Contoso"
"Moss","Mollie","Sales","London","Contoso"
"Moultrie","Ernie","Marketing","Seattle","Contoso"
"Mullen","Johanna","Development","Seattle","Contoso"
"Newton","Eva","Marketing","London","Contoso"
"Nicholson","Pam","IT","London","Contoso"
"Norman","Aidan","Managers","London","Contoso"
"Norman","Evan","Sales","London","Contoso"
"Norman","Bill","Marketing","London","Contoso"
"O'Connor","Lidia","Research","London","Contoso"
"O'Donnell","Erna","Marketing","Seattle","Contoso"
"Odum","Milton","Managers","Seattle","Contoso"
"Odum","Art","Managers","London","Contoso"
"Oliver","Ivy","Marketing","London","Contoso"
"Orr","Melanie","IT","London","Contoso"
"Pace","Vera","Research","London","Contoso"
"Parsons","Oliver","Development","London","Contoso"
"Parsons","Abbie","Sales","London","Contoso"
"Peacock","Lily","Development","London","Contoso"
"Pennekamp","Max","Research","London","Contoso"
"Perea","Bradford","Sales","Seattle","Contoso"
"Perkins","Riley","Development","London","Contoso"
"Perkins","Jay","Sales","London","Contoso"
"Perry","Ella","Marketing","London","Contoso"
"Perry","Sophia","Development","London","Contoso"
"Phan","Linh","Development","London","Contoso"
"Pickett","Ashlee","Development","Seattle","Contoso"
"Power","Alfie","Sales","London","Contoso"
"Powers","Isabella","Marketing","Seattle","Contoso"
"Priede","Arturs","Research","London","Contoso"
"Raisic","Lara","IT","London","Contoso"
"Rayford","Larry","Sales","London","Contoso"
"Rees","Abigail","Managers","London","Contoso"
"Reeves","Evangelina","Managers","London","Contoso"
"Reynolds","Rosie","Managers","London","Contoso"
"Richardson","Jessie","Sales","London","Contoso"
"Richmond","Leanna","Development","Seattle","Contoso"
"Riggs","Noreen","IT","Seattle","Contoso"
"Rincon","Sidney","Marketing","London","Contoso"
"Robben","Loek","Development","London","Contoso"
"Robben","Siu","Sales","London","Contoso"
"Roberson","Claire","Research","London","Contoso"
"Roberts","Rosetta","Development","Seattle","Contoso"
"Rojas","Anastasia","IT","London","Contoso"
"Rowland","Monica","Managers","London","Contoso"
"Roze","Krisjanis","Marketing","London","Contoso"
"Rozitis","Andrejs","Sales","London","Contoso"
"Rubenis","Orions","Sales","London","Contoso"
"Rudzitis","Mihails","Marketing","London","Contoso"
"Russell","Ada","Marketing","London","Contoso"
"Rutter","Bernardo","Development","London","Contoso"
"Sahiti","Stela","Sales","London","Contoso"
"Salas","Ladonna","Sales","Seattle","Contoso"
"Sandoval","Verna","Marketing","Seattle","Contoso"
"Schiller","Teddy","Marketing","Seattle","Contoso"
"Schoonen","Parsa","IT","London","Contoso"
"Sharpe","Grace","Development","London","Contoso"
"Shepard","Kasey","IT","Seattle","Contoso"
"Shifflett","Julian","Marketing","Seattle","Contoso"
"Sic","Klemen","IT","London","Contoso"
"Silas","Lamar","Marketing","London","Contoso"
"Simone","Devon","Development","Seattle","Contoso"
"Skinner","Abbi","IT","London","Contoso"
"Skinner","Mary","Managers","London","Contoso"
"Skuja","Laimonis","Development","London","Contoso"
"Snyder","Adeline","Sales","Seattle","Contoso"
"Sonnier","Francisco","Marketing","Seattle","Contoso"
"Spencer","Holly","Managers","London","Contoso"
"Stanton","Herminia","Research","London","Contoso"
"Steadman","Franklin","Sales","London","Contoso"
"Stephenson","Shari","Marketing","Seattle","Contoso"
"Stojanov","Matej","Managers","London","Contoso"
"Stokes","Tasha","Marketing","London","Contoso"
"Surratt","Louis","Development","London","Contoso"
"Tang","Huong","IT","London","Contoso"
"Tapp","Russel","Development","London","Contoso"
"Terrell","Lizzie","Marketing","Seattle","Contoso"
"Thorpe","Elliot","Development","London","Contoso"
"Thorpe","Harvey","Development","London","Contoso"
"Tolley","Derrick","Marketing","London","Contoso"
"Towle","August","Research","Seattle","Contoso"
"Tran","Ngoc Bich","Development","London","Contoso"
"Trang","Hanh","Marketing","London","Contoso"
"Trevino","Elinor","Marketing","London","Contoso"
"Trudeau","Demetrius","Sales","London","Contoso"
"Valentine","Jeannette","Sales","London","Contoso"
"Van Eeuwijk","Jaap","IT","London","Contoso"
"Vaughn","Connie","Research","London","Contoso"
"Veskovo","Matevz","Sales","London","Contoso"
"Visser","Maxime","Sales","London","Contoso"
"Vosnik","Pia","Managers","London","Contoso"
"Walsh","Jackie","Sales","London","Contoso"
"West","Kerri","Sales","London","Contoso"
"Wiggins","Esther","Research","Seattle","Contoso"
"Wilkins","Isobel","Managers","London","Contoso"
"Wilkinson","Laurel","Marketing","London","Contoso"
"Williamson","Dawn","Development","London","Contoso"
"Winters","Alyson","Managers","London","Contoso"
"Woodward","Kian","Marketing","London","Contoso"
"Wooley","Nicholas","Development","London","Contoso"
"Yoo","Allan","Sales","London","Contoso"
"Zecirevic","Tia","Research","London","Contoso"
"Zink","Williams","Marketing","Seattle","Contoso"